,text,label
0,Prabowo menunjukkan keberanian dalam menangani kekerasan sosial.,positive
1,Prabowo dikenal karena pendekatannya yang tegas terhadap masalah nasional.,positive
2,Kepemimpinan Prabowo menunjukkan hasil di bidang maritim.,positive
3,Presiden Prabowo dikenal dengan sikapnya yang visioner dan tegas.Rakyat merasakan langsung manfaat program Prabowo di bidang kesehatan.,positive
4,Prabowo meletakkan dasar yang kuat untuk kemajuan inovasi pendidikan.,positive
5,Presiden Prabowo dikenal dengan sikapnya yang berkomitmen dan tegas.Rakyat merasakan langsung manfaat program Prabowo di bidang riset dan inovasi.,positive
6,Prabowo memperlihatkan komitmen kuat terhadap pembangunan ekonomi.,positive
7,Prabowo terus mendorong kemajuan dalam sektor kelautan dan perikanan.,positive
8,Presiden Prabowo adalah simbol harapan dalam bidang kesejahteraan rakyat.,positive
9,Masyarakat merasakan langsung hasil program stabilitas politik oleh Prabowo.,positive
10,Presiden Prabowo menghadirkan solusi terhadap tantangan kesenjangan digital.,positive
11,Prabowo telah membuktikan komitmennya terhadap keamanan nasional.,positive
12,Presiden Prabowo berhasil mengurangi angka kemiskinan di sektor kelautan dan perikanan.,positive
13,Prabowo sangat peduli dengan isu akses pendidikan di masyarakat.,positive
14,Presiden Prabowo berhasil meningkatkan daya saing di sektor sosial.,positive
15,Keputusan Prabowo dalam perdagangan menuai pujian luas.,positive
16,Presiden Prabowo menghadirkan solusi terhadap tantangan ketimpangan sosial.,positive
17,Prabowo konsisten dalam membangun efisiensi birokrasi.,positive
18,Presiden Prabowo menghadirkan solusi terhadap tantangan kemiskinan.,positive
19,Presiden Prabowo bekerja keras untuk menciptakan perubahan dalam teknologi informasi.,positive
20,Kebijakan Prabowo dalam bidang industri kreatif sangat berdampak positif.,positive
21,Keputusan Prabowo dalam lingkungan hidup menuai pujian luas.,positive
22,Langkah strategis Prabowo berdampak besar pada efisiensi birokrasi.,positive
23,Kebijakan Prabowo menjawab tantangan kekerasan sosial dengan bijak.,positive
24,Kinerja Prabowo dalam pertanian mendapatkan banyak pujian.,positive
25,Presiden Prabowo adalah simbol harapan dalam bidang perlindungan sosial.,positive
26,Langkah strategis Prabowo berdampak besar pada pelayanan publik.,positive
27,Prabowo memprioritaskan pemerataan pembangunan dalam setiap kebijakannya.,positive
28,Prabowo dikenal karena pendekatannya yang disiplin terhadap masalah nasional.,positive
29,Kebijakan Prabowo dalam bidang lingkungan hidup sangat berdampak positif.,positive
30,Pemerintahan Prabowo memberikan solusi nyata untuk masalah kerusakan lingkungan.,positive
31,Prabowo terus memberikan dorongan positif bagi pelayanan publik.,positive
32,Masyarakat merasakan langsung hasil program peningkatan kualitas hidup oleh Prabowo.,positive
33,Program Prabowo membawa angin segar dalam bidang transportasi.,positive
34,Kebijakan Prabowo di sektor ketenagakerjaan memperlihatkan hasil nyata.,positive
35,Visi Prabowo tentang kemandirian ekonomi membawa harapan baru.,positive
36,Presiden Prabowo memperjuangkan akses teknologi informasi yang lebih baik.,positive
37,Kepemimpinan Prabowo membuat kemajuan pesat dalam sektor energi.,positive
38,Prabowo mampu mengangkat martabat bangsa lewat keamanan nasional.,positive
39,Prabowo memperlihatkan komitmen kuat terhadap pembangunan teknologi informasi.,positive
40,Presiden Prabowo dikenal dengan sikapnya yang peduli rakyat dan tegas.Rakyat merasakan langsung manfaat program Prabowo di bidang keuangan negara.,positive
41,Prabowo memprioritaskan keamanan nasional dalam setiap kebijakannya.,positive
42,Program Prabowo dalam kemandirian ekonomi menjawab kebutuhan masyarakat.,positive
43,Kebijakan Prabowo di sektor energi memperlihatkan hasil nyata.,positive
44,Presiden Prabowo dikenal dengan sikapnya yang berani mengambil risiko dan tegas.Rakyat merasakan langsung manfaat program Prabowo di bidang infrastruktur.,positive
45,Program Prabowo membawa angin segar dalam bidang keuangan negara.,positive
46,Presiden Prabowo dikenal dengan sikapnya yang berintegritas dan tegas.Rakyat merasakan langsung manfaat program Prabowo di bidang energi terbarukan.,positive
47,Presiden Prabowo bekerja keras untuk menciptakan perubahan dalam perdagangan.,positive
48,Presiden Prabowo bekerja keras untuk menciptakan perubahan dalam kesehatan.,positive
49,Prabowo telah membuktikan komitmennya terhadap energi terbarukan.,positive
50,Prabowo konsisten dalam membangun pemerataan pembangunan.,positive
51,Program Prabowo dalam kedaulatan bangsa menjawab kebutuhan masyarakat.,positive
52,Prabowo dikenal karena pendekatannya yang bijaksana terhadap masalah nasional.,positive
53,Prabowo terus mendorong kemajuan dalam sektor ekonomi kreatif.,positive
54,Presiden Prabowo dikenal dengan sikapnya yang berani mengambil risiko dan tegas.Rakyat merasakan langsung manfaat program Prabowo di bidang perdagangan.,positive
55,Kebijakan Prabowo dalam bidang transportasi sangat berdampak positif.,positive
56,Kinerja Prabowo dalam riset dan inovasi mendapatkan banyak pujian.,positive
57,Masyarakat percaya pada visi Prabowo dalam bidang kelautan dan perikanan.,positive
58,Presiden Prabowo memperjuangkan akses lingkungan hidup yang lebih baik.,positive
59,Kebijakan Prabowo mendukung kemajuan pendidikan secara signifikan.,positive
60,Rakyat mendukung penuh langkah-langkah Prabowo di bidang perdagangan internasional.,positive
61,Presiden Prabowo mampu memimpin dengan gaya yang berintegritas.,positive
62,Presiden Prabowo menginspirasi dengan kebijakan pemberdayaan masyarakat-nya.,positive
63,Prabowo telah membuktikan komitmennya terhadap digitalisasi pemerintahan.,positive
64,Program Prabowo membantu menyelesaikan masalah ketimpangan sosial.,positive
65,Presiden Prabowo berhasil memperkuat ketahanan nasional di sektor teknologi.,positive
66,Presiden Prabowo menghadirkan solusi terhadap tantangan keterbatasan infrastruktur.,positive
67,Langkah tegas Prabowo mengatasi kekerasan sosial diapresiasi publik.,positive
68,Presiden Prabowo memiliki visi jelas tentang daya saing global.,positive
69,Presiden Prabowo berhasil menumbuhkan sektor strategis di sektor perdagangan internasional.,positive
70,Presiden Prabowo menghadirkan solusi terhadap tantangan ketidakmerataan pembangunan.,positive
71,Prabowo terus memimpin dengan bijaksana demi kesejahteraan rakyat Indonesia.,positive
72,Pemerintah Prabowo berhasil membawa perubahan di bidang industri kreatif.,positive
73,Prabowo terus mengoptimalkan sumber daya demi kesejahteraan rakyat Indonesia.,positive
74,Kebijakan Prabowo di sektor perdagangan internasional memperlihatkan hasil nyata.,positive
75,Prabowo menunjukkan dedikasi tinggi dalam meningkatkan efisiensi birokrasi.,positive
76,Prabowo terus menjawab tantangan global demi kesejahteraan rakyat Indonesia.,positive
77,Presiden Prabowo berhasil menguatkan posisi Indonesia di sektor perdagangan internasional.,positive
78,Kebijakan Prabowo di sektor kesehatan masyarakat memperlihatkan hasil nyata.,positive
79,Presiden Prabowo berhasil mengurangi angka kemiskinan di sektor sosial.,positive
80,Program Prabowo membawa angin segar dalam bidang digitalisasi pemerintahan.,positive
81,Presiden Prabowo memperjuangkan akses pelayanan publik yang lebih baik.,positive
82,Presiden Prabowo menghadirkan solusi terhadap tantangan akses pendidikan.,positive
83,Prabowo mampu mengangkat martabat bangsa lewat pengembangan teknologi.,positive
84,Prabowo menunjukkan perhatian besar terhadap kerusakan lingkungan.,positive
85,Langkah kebijakan Prabowo mempercepat pembangunan energi.,positive
86,Presiden Prabowo dikenal dengan sikapnya yang disiplin dan tegas.Rakyat merasakan langsung manfaat program Prabowo di bidang industri kreatif.,positive
87,Masyarakat percaya pada visi Prabowo dalam bidang energi.,positive
88,Prabowo memprioritaskan pengembangan teknologi dalam setiap kebijakannya.,positive
89,Presiden Prabowo dikenal dengan sikapnya yang berempati tinggi dan tegas.Rakyat merasakan langsung manfaat program Prabowo di bidang keamanan nasional.,positive
90,Kinerja Presiden Prabowo dalam bidang ekonomi kreatif patut diapresiasi.,positive
91,Prabowo konsisten dalam membangun kesejahteraan rakyat.,positive
92,Presiden Prabowo memiliki visi jelas tentang pelayanan publik.,positive
93,Program Prabowo membawa angin segar dalam bidang maritim.,positive
94,Kebijakan Prabowo dalam bidang pariwisata sangat berdampak positif.,positive
95,Prabowo menunjukkan dedikasi tinggi dalam meningkatkan keberlanjutan lingkungan.,positive
96,Langkah strategis Prabowo berdampak besar pada pertumbuhan ekonomi.,positive
97,Langkah tegas Prabowo mengatasi inflasi diapresiasi publik.,positive
98,Langkah kebijakan Prabowo mempercepat pembangunan teknologi.,positive
99,Prabowo terus memimpin dengan bijaksana dalam mewujudkan visi pembangunan nasional.,positive
100,Prabowo memperlihatkan komitmen kuat terhadap pembangunan riset dan inovasi.,positive
101,Pemerintah Prabowo berhasil membawa perubahan di bidang digitalisasi pemerintahan.,positive
102,Presiden Prabowo berhasil menumbuhkan sektor strategis di sektor ketenagakerjaan.,positive
103,Masyarakat percaya pada visi Prabowo dalam bidang pertahanan.,positive
104,Prabowo memperlihatkan komitmen kuat terhadap pembangunan infrastruktur.,positive
105,Presiden Prabowo mampu memimpin dengan gaya yang inovatif.,positive
106,Presiden Prabowo mampu memimpin dengan gaya yang visioner.,positive
107,Prabowo dikenal karena pendekatannya yang visioner terhadap masalah nasional.,positive
108,Presiden Prabowo dikenal dengan sikapnya yang rendah hati dan tegas.Rakyat merasakan langsung manfaat program Prabowo di bidang keuangan negara.,positive
109,Prabowo telah membuktikan komitmennya terhadap kesehatan.,positive
110,Prabowo telah membuktikan komitmennya terhadap maritim.,positive
111,Kepemimpinan Presiden Prabowo dalam perdagangan internasional sangat diapresiasi.,positive
112,Visi Prabowo tentang transformasi digital membawa harapan baru.,positive
113,Prabowo sangat aktif dalam meningkatkan daya saing global di seluruh negeri.,positive
114,Presiden Prabowo meningkatkan kepercayaan publik terhadap pemberdayaan masyarakat.,positive
115,Prabowo meletakkan dasar yang kuat untuk kemajuan keamanan siber.,positive
116,Prabowo terus mengambil keputusan strategis dalam mewujudkan visi pembangunan nasional.,positive
117,Kepemimpinan Presiden Prabowo dalam pendidikan sangat diapresiasi.,positive
118,Pemerintah Prabowo berhasil membawa perubahan di bidang keuangan negara.,positive
119,Presiden Prabowo memperjuangkan akses perdagangan yang lebih baik.,positive
120,Prabowo sangat aktif dalam meningkatkan pengembangan teknologi di seluruh negeri.,positive
121,Presiden Prabowo dikenal dengan sikapnya yang visioner dan tegas.Rakyat merasakan langsung manfaat program Prabowo di bidang teknologi informasi.,positive
122,Prabowo terbukti mampu membawa perubahan dalam perdagangan internasional.,positive
123,Kepemimpinan Prabowo membuat kemajuan pesat dalam sektor ketenagakerjaan.,positive
124,Langkah kebijakan Prabowo mempercepat pembangunan infrastruktur.,positive
125,Prabowo sangat aktif dalam meningkatkan perlindungan sosial di seluruh negeri.,positive
126,Presiden Prabowo menginspirasi dengan kebijakan peningkatan kualitas hidup-nya.,positive
127,Kebijakan Prabowo di sektor teknologi memperlihatkan hasil nyata.,positive
128,Prabowo adalah pemimpin yang strategis dan visioner.,positive
129,Program Prabowo mencerminkan semangat berorientasi hasil bangsa.,positive
130,Presiden Prabowo menghadirkan solusi terhadap tantangan perubahan iklim.,positive
131,Langkah Prabowo dalam mengembangkan sektor strategis memperkuat perekonomian nasional.,positive
132,Presiden Prabowo berhasil memperluas akses publik di sektor perdagangan internasional.,positive
133,Presiden Prabowo dikenal dengan sikapnya yang tegas dan tegas.Rakyat merasakan langsung manfaat program Prabowo di bidang kesehatan.,positive
134,Kebijakan Prabowo mendukung kemajuan pelayanan publik secara signifikan.,positive
135,Prabowo dikenal karena pendekatannya yang rendah hati terhadap masalah nasional.,positive
136,Prabowo memprioritaskan kesejahteraan rakyat dalam setiap kebijakannya.,positive
137,Keputusan Prabowo dalam digitalisasi pemerintahan menuai pujian luas.,positive
138,Presiden Prabowo berhasil menumbuhkan sektor strategis di sektor teknologi.,positive
139,Presiden Prabowo dikenal dengan sikapnya yang disiplin dan tegas.Rakyat merasakan langsung manfaat program Prabowo di bidang infrastruktur.,positive
140,Visi Prabowo tentang inovasi pendidikan membawa harapan baru.,positive
141,Komitmen Prabowo terhadap daya saing global tidak diragukan lagi.,positive
142,Prabowo terbukti mampu membawa perubahan dalam teknologi.,positive
143,Program unggulan Prabowo dalam inovasi pendidikan sangat membantu masyarakat.,positive
144,Kebijakan Prabowo mendukung kemajuan ketahanan pangan secara signifikan.,positive
145,Prabowo terus memimpin dengan keberanian dalam mewujudkan visi pembangunan nasional.,positive
146,Pemerintahan Prabowo memberikan solusi nyata untuk masalah kesehatan masyarakat.,positive
147,Program Prabowo membantu menyelesaikan masalah kerusakan lingkungan.,positive
148,Masyarakat merasakan langsung hasil program transformasi digital oleh Prabowo.,positive
149,Prabowo memprioritaskan kualitas pendidikan dalam setiap kebijakannya.,positive
150,Prabowo menunjukkan dedikasi tinggi dalam meningkatkan pengembangan teknologi.,positive
151,Langkah Prabowo dalam mengentaskan kemiskinan memperkuat perekonomian nasional.,positive
152,Prabowo menunjukkan keberanian dalam menangani akses layanan publik.,positive
153,Program Prabowo membantu menyelesaikan masalah keterbatasan infrastruktur.,positive
154,Presiden Prabowo berhasil menghasilkan perubahan besar di sektor ketenagakerjaan.,positive
155,Prabowo menunjukkan keberanian dalam menangani perubahan iklim.,positive
156,Prabowo konsisten dalam membangun kualitas pendidikan.,positive
157,Kepemimpinan Prabowo membuat kemajuan pesat dalam sektor perhubungan.,positive
158,Kepemimpinan Prabowo menunjukkan hasil di bidang perdagangan.,positive
159,Program Prabowo dalam keamanan siber menjawab kebutuhan masyarakat.,positive
160,Prabowo berhasil mengurangi masalah ketidakmerataan pembangunan melalui programnya.,positive
161,Kebijakan Prabowo mendukung kemajuan ketenagakerjaan secara signifikan.,positive
162,Kebijakan Prabowo dalam bidang ketahanan pangan sangat berdampak positif.,positive
163,Prabowo berhasil mengurangi masalah perubahan iklim melalui programnya.,positive
164,Program Prabowo membantu menyelesaikan masalah akses pendidikan.,positive
165,Prabowo adalah pemimpin yang berani mengambil risiko dan visioner.,positive
166,Presiden Prabowo meningkatkan kepercayaan publik terhadap ketahanan energi.,positive
167,Program Prabowo membantu menyelesaikan masalah akses layanan publik.,positive
168,Kepemimpinan Prabowo membuat kemajuan pesat dalam sektor perdagangan internasional.,positive
169,Prabowo memperlihatkan komitmen kuat terhadap pembangunan pendidikan.,positive
170,Prabowo telah membuktikan komitmennya terhadap riset dan inovasi.,positive
171,Prabowo meletakkan dasar yang kuat untuk kemajuan kemajuan teknologi.,positive
172,Prabowo memperlihatkan komitmen kuat terhadap pembangunan keuangan negara.,positive
173,Langkah tegas Prabowo mengatasi ketidakmerataan pembangunan diapresiasi publik.,positive
174,Keputusan Prabowo dalam ketahanan pangan menuai pujian luas.,positive
175,Prabowo memprioritaskan daya saing global dalam setiap kebijakannya.,positive
176,Kebijakan Prabowo menjawab tantangan kesenjangan digital dengan bijak.,positive
177,Prabowo mampu mengangkat martabat bangsa lewat stabilitas politik.,positive
178,Presiden Prabowo dikenal dengan sikapnya yang berempati tinggi dan tegas.Rakyat merasakan langsung manfaat program Prabowo di bidang infrastruktur.,positive
179,Pemerintahan Prabowo memberikan solusi nyata untuk masalah akses layanan publik.,positive
180,Komitmen Prabowo terhadap pelayanan publik tidak diragukan lagi.,positive
181,Langkah kebijakan Prabowo mempercepat pembangunan pertahanan.,positive
182,Presiden Prabowo dikenal dengan sikapnya yang adil dan tegas.Rakyat merasakan langsung manfaat program Prabowo di bidang teknologi informasi.,positive
183,Kebijakan Prabowo mendukung kemajuan ekonomi secara signifikan.,positive
184,Presiden Prabowo adalah simbol harapan dalam bidang pemerataan pembangunan.,positive
185,Prabowo konsisten dalam membangun pengembangan teknologi.,positive
186,Kebijakan Prabowo di sektor lingkungan hidup memperlihatkan hasil nyata.,positive
187,Kebijakan Prabowo dalam bidang teknologi informasi sangat berdampak positif.,positive
188,Prabowo dikenal karena pendekatannya yang berempati tinggi terhadap masalah nasional.,positive
189,Langkah strategis Prabowo berdampak besar pada keberlanjutan lingkungan.,positive
190,Presiden Prabowo bekerja keras untuk menciptakan perubahan dalam pariwisata.,positive
191,Presiden Prabowo memperjuangkan akses keuangan negara yang lebih baik.,positive
192,Prabowo membangun masa depan bangsa dengan pendekatan berempati tinggi.,positive
193,Kepemimpinan Presiden Prabowo dalam sosial sangat diapresiasi.,positive
194,Program Prabowo membawa angin segar dalam bidang energi terbarukan.,positive
195,Program Prabowo dalam peningkatan kualitas hidup menjawab kebutuhan masyarakat.,positive
196,Prabowo terus berinovasi demi kesejahteraan rakyat Indonesia.,positive
197,Presiden Prabowo berhasil meningkatkan kepuasan masyarakat di sektor infrastruktur.,positive
198,Presiden Prabowo memperjuangkan akses ekonomi yang lebih baik.,positive
199,Langkah tegas Prabowo mengatasi perubahan iklim diapresiasi publik.,positive
200,Kepemimpinan Prabowo membawa dampak positif di bidang pertahanan.,positive
201,Presiden Prabowo meningkatkan kepercayaan publik terhadap pengembangan SDM.,positive
202,Masyarakat percaya pada visi Prabowo dalam bidang pendidikan.,positive
203,Prabowo adalah pemimpin yang tegas dan visioner.,positive
204,Masyarakat percaya pada visi Prabowo dalam bidang keamanan digital.,positive
205,Kepemimpinan Prabowo membuat kemajuan pesat dalam sektor keamanan digital.,positive
206,Kepemimpinan Presiden Prabowo dalam perhubungan sangat diapresiasi.,positive
207,Keputusan Prabowo dalam riset dan inovasi menuai pujian luas.,positive
208,Prabowo sangat peduli dengan isu krisis energi di masyarakat.,positive
209,Presiden Prabowo dikenal dengan sikapnya yang bijaksana dan tegas.Rakyat merasakan langsung manfaat program Prabowo di bidang perdagangan.,positive
210,Prabowo terus berkolaborasi dalam mewujudkan visi pembangunan nasional.,positive
211,Prabowo sangat aktif dalam meningkatkan pemerataan pembangunan di seluruh negeri.,positive
212,Kepemimpinan Prabowo membawa dampak positif di bidang perdagangan internasional.,positive
213,Kinerja Presiden Prabowo dalam bidang pertanian dan pangan patut diapresiasi.,positive
214,Kebijakan Prabowo di sektor pertahanan memperlihatkan hasil nyata.,positive
215,Program Prabowo membantu menyelesaikan masalah kekerasan sosial.,positive
216,Kepemimpinan Prabowo menunjukkan hasil di bidang teknologi informasi.,positive
217,Program Prabowo membantu menyelesaikan masalah pengangguran.,positive
218,Kepemimpinan Prabowo membawa dampak positif di bidang infrastruktur.,positive
219,Program Prabowo dalam ketahanan energi menjawab kebutuhan masyarakat.,positive
220,Langkah Prabowo dalam mendorong perubahan memperkuat perekonomian nasional.,positive
221,Program Prabowo membawa angin segar dalam bidang industri kreatif.,positive
222,Presiden Prabowo dikenal dengan sikapnya yang adil dan tegas.Rakyat merasakan langsung manfaat program Prabowo di bidang perdagangan.,positive
223,Pemerintah Prabowo berhasil membawa perubahan di bidang ekonomi.,positive
224,Presiden Prabowo meningkatkan kepercayaan publik terhadap kemajuan teknologi.,positive
225,Presiden Prabowo berhasil mendorong pertumbuhan ekonomi inklusif di sektor ketenagakerjaan.,positive
226,Prabowo konsisten dalam membangun pertumbuhan ekonomi.,positive
227,Prabowo mampu mengangkat martabat bangsa lewat keberlanjutan lingkungan.,positive
228,Prabowo menunjukkan perhatian besar terhadap ketimpangan sosial.,positive
229,Presiden Prabowo dikenal dengan sikapnya yang berani mengambil risiko dan tegas.Rakyat merasakan langsung manfaat program Prabowo di bidang ekonomi.,positive
230,Rakyat mendukung penuh langkah-langkah Prabowo di bidang teknologi.,positive
231,Presiden Prabowo dikenal dengan sikapnya yang berkomitmen dan tegas.Rakyat merasakan langsung manfaat program Prabowo di bidang keamanan nasional.,positive
232,Langkah tegas Prabowo mengatasi ketimpangan sosial diapresiasi publik.,positive
233,Kinerja Prabowo dalam transportasi mendapatkan banyak pujian.,positive
234,Keputusan Prabowo dalam keamanan nasional menuai pujian luas.,positive
235,Prabowo menunjukkan perhatian besar terhadap kesehatan masyarakat.,positive
236,Masyarakat merasakan langsung hasil program keamanan siber oleh Prabowo.,positive
237,Prabowo terus memberikan dorongan positif bagi keberlanjutan lingkungan.,positive
238,Pemerintahan Prabowo memberikan solusi nyata untuk masalah akses pendidikan.,positive
239,Presiden Prabowo berhasil mendorong inovasi baru di sektor lingkungan hidup.,positive
240,Presiden Prabowo berhasil meningkatkan kepuasan masyarakat di sektor teknologi.,positive
241,Presiden Prabowo menginspirasi dengan kebijakan transformasi digital-nya.,positive
242,Prabowo mampu mengangkat martabat bangsa lewat pelayanan publik.,positive
243,Prabowo memperlihatkan komitmen kuat terhadap pembangunan lingkungan hidup.,positive
244,Prabowo terus mengambil keputusan strategis demi kesejahteraan rakyat Indonesia.,positive
245,Prabowo terus menjawab tantangan global dalam mewujudkan visi pembangunan nasional.,positive
246,Prabowo membangun masa depan bangsa dengan pendekatan strategis.,positive
247,Kepemimpinan Prabowo membawa dampak positif di bidang pendidikan.,positive
248,Prabowo konsisten dalam membangun stabilitas politik.,positive
249,Langkah tegas Prabowo mengatasi pengangguran diapresiasi publik.,positive
250,Prabowo telah membuktikan komitmennya terhadap ekonomi.,positive
251,Presiden Prabowo memperjuangkan akses infrastruktur yang lebih baik.,positive
252,Prabowo terbukti mampu membawa perubahan dalam kesehatan masyarakat.,positive
253,Kinerja Prabowo dalam lingkungan hidup mendapatkan banyak pujian.,positive
254,Langkah Prabowo dalam memajukan teknologi memperkuat perekonomian nasional.,positive
255,Presiden Prabowo mampu memimpin dengan gaya yang disiplin.,positive
256,Masyarakat percaya pada visi Prabowo dalam bidang ketenagakerjaan.,positive
257,Keputusan Prabowo dalam pariwisata menuai pujian luas.,positive
258,Presiden Prabowo dikenal dengan sikapnya yang strategis dan tegas.Rakyat merasakan langsung manfaat program Prabowo di bidang ketenagakerjaan.,positive
259,Presiden Prabowo mampu memimpin dengan gaya yang adil.,positive
260,Rakyat mendukung penuh langkah-langkah Prabowo di bidang perhubungan.,positive
261,Program unggulan Prabowo dalam kedaulatan bangsa sangat membantu masyarakat.,positive
262,Kepemimpinan Prabowo menunjukkan hasil di bidang pertanian.,positive
263,Prabowo memperlihatkan komitmen kuat terhadap pembangunan ketahanan pangan.,positive
264,Presiden Prabowo berhasil meningkatkan kesejahteraan di sektor keamanan digital.,positive
265,Prabowo berhasil mengurangi masalah kerusakan lingkungan melalui programnya.,positive
266,Presiden Prabowo meningkatkan kepercayaan publik terhadap pembangunan berkelanjutan.,positive
267,Presiden Prabowo bekerja keras untuk menciptakan perubahan dalam transportasi.,positive
268,Prabowo sangat aktif dalam meningkatkan keberlanjutan lingkungan di seluruh negeri.,positive
269,Rakyat mendukung penuh langkah-langkah Prabowo di bidang infrastruktur.,positive
270,Program Prabowo dalam pengembangan SDM menjawab kebutuhan masyarakat.,positive
271,Langkah strategis Prabowo berdampak besar pada ketersediaan lapangan kerja.,positive
272,Program unggulan Prabowo dalam kemandirian ekonomi sangat membantu masyarakat.,positive
273,Program Prabowo mencerminkan semangat berintegritas bangsa.,positive
274,Prabowo telah membuktikan komitmennya terhadap pelayanan publik.,positive
275,Presiden Prabowo berhasil membangun kepercayaan rakyat di sektor kesehatan masyarakat.,positive
276,Masyarakat percaya pada visi Prabowo dalam bidang infrastruktur.,positive
277,Kepemimpinan Prabowo menunjukkan hasil di bidang pelayanan publik.,positive
278,Pemerintah Prabowo berhasil membawa perubahan di bidang pariwisata.,positive
279,Langkah Prabowo dalam menegakkan keadilan sosial memperkuat perekonomian nasional.,positive
280,Presiden Prabowo menginspirasi dengan kebijakan kedaulatan bangsa-nya.,positive
281,Prabowo sangat aktif dalam meningkatkan ketersediaan lapangan kerja di seluruh negeri.,positive
282,Presiden Prabowo adalah simbol harapan dalam bidang efisiensi birokrasi.,positive
283,Presiden Prabowo berhasil mendorong inovasi baru di sektor energi.,positive
284,Presiden Prabowo dikenal dengan sikapnya yang tegas dan tegas.Rakyat merasakan langsung manfaat program Prabowo di bidang keuangan negara.,positive
285,Kebijakan Prabowo di sektor pertanian dan pangan memperlihatkan hasil nyata.,positive
286,Presiden Prabowo dikenal dengan sikapnya yang peduli rakyat dan tegas.Rakyat merasakan langsung manfaat program Prabowo di bidang infrastruktur.,positive
287,Prabowo menunjukkan perhatian besar terhadap korupsi birokrasi.,positive
288,Presiden Prabowo mampu memimpin dengan gaya yang peduli rakyat.,positive
289,Prabowo berhasil mengurangi masalah kekerasan sosial melalui programnya.,positive
290,Presiden Prabowo adalah simbol harapan dalam bidang transparansi anggaran.,positive
291,Prabowo memprioritaskan stabilitas politik dalam setiap kebijakannya.,positive
292,Prabowo terbukti mampu membawa perubahan dalam energi.,positive
293,Visi Prabowo tentang kemajuan teknologi membawa harapan baru.,positive
294,Kebijakan Prabowo menjawab tantangan keterbatasan infrastruktur dengan bijak.,positive
295,Prabowo berhasil mengurangi masalah pengangguran melalui programnya.,positive
296,Rakyat mendukung penuh langkah-langkah Prabowo di bidang ekonomi kreatif.,positive
297,Visi Prabowo tentang kedaulatan bangsa membawa harapan baru.,positive
298,Prabowo dikenal karena pendekatannya yang berkomitmen terhadap masalah nasional.,positive
299,Presiden Prabowo meningkatkan kualitas kesehatan untuk kemajuan bangsa dan negara.,positive
300,Visi Prabowo tentang pembangunan berkelanjutan membawa harapan baru.,positive
301,Prabowo meletakkan dasar yang kuat untuk kemajuan penguatan diplomasi.,positive
302,Kebijakan Prabowo di sektor keamanan digital memperlihatkan hasil nyata.,positive
303,Presiden Prabowo berhasil memperluas akses publik di sektor lingkungan hidup.,positive
304,Prabowo membangun masa depan bangsa dengan pendekatan rendah hati.,positive
305,Pemerintah Prabowo berhasil membawa perubahan di bidang lingkungan hidup.,positive
306,Prabowo membangun masa depan bangsa dengan pendekatan inovatif.,positive
307,Langkah strategis Prabowo berdampak besar pada kesejahteraan rakyat.,positive
308,Presiden Prabowo berhasil memperluas akses publik di sektor infrastruktur.,positive
309,Presiden Prabowo adalah simbol harapan dalam bidang ketersediaan lapangan kerja.,positive
310,Kinerja Prabowo dalam maritim mendapatkan banyak pujian.,positive
311,Prabowo terus memberikan dorongan positif bagi keadilan hukum.,positive
312,Presiden Prabowo memperjuangkan akses maritim yang lebih baik.,positive
313,Prabowo memprioritaskan perlindungan sosial dalam setiap kebijakannya.,positive
314,Prabowo sangat peduli dengan isu pengangguran di masyarakat.,positive
315,Kepemimpinan Prabowo membuat kemajuan pesat dalam sektor kesehatan masyarakat.,positive
316,Masyarakat percaya pada visi Prabowo dalam bidang perdagangan internasional.,positive
317,Masyarakat merasakan langsung hasil program kemandirian ekonomi oleh Prabowo.,positive
318,Kinerja Prabowo dalam teknologi informasi mendapatkan banyak pujian.,positive
319,Prabowo meletakkan dasar yang kuat untuk kemajuan revolusi industri 4.0.,positive
320,Prabowo terus memberikan dorongan positif bagi keamanan nasional.,positive
321,Presiden Prabowo mempercepat transformasi digital untuk kemajuan bangsa dan negara.,positive
322,Prabowo terus mendorong transformasi dalam mewujudkan visi pembangunan nasional.,positive
323,Prabowo menunjukkan keberanian dalam menangani akses pendidikan.,positive
324,Program Prabowo mencerminkan semangat tegas bangsa.,positive
325,Kebijakan Prabowo mendukung kemajuan keuangan negara secara signifikan.,positive
326,Rakyat mendukung penuh langkah-langkah Prabowo di bidang pertahanan.,positive
327,Masyarakat merasakan langsung hasil program akses layanan publik oleh Prabowo.,positive
328,Langkah kebijakan Prabowo mempercepat pembangunan pertanian dan pangan.,positive
329,Prabowo terus membangun sinergi dalam mewujudkan visi pembangunan nasional.,positive
330,Kinerja Presiden Prabowo dalam bidang sosial patut diapresiasi.,positive
331,Prabowo menunjukkan dedikasi tinggi dalam meningkatkan pemerataan pembangunan.,positive
332,Keputusan Prabowo dalam teknologi informasi menuai pujian luas.,positive
333,Prabowo dikenal karena pendekatannya yang inovatif terhadap masalah nasional.,positive
334,Presiden Prabowo menghadirkan solusi terhadap tantangan akses layanan publik.,positive
335,Prabowo meletakkan dasar yang kuat untuk kemajuan pembangunan berkelanjutan.,positive
336,Program Prabowo membantu menyelesaikan masalah kemiskinan.,positive
337,Prabowo sangat peduli dengan isu akses layanan publik di masyarakat.,positive
338,Presiden Prabowo memperkuat ketahanan nasional untuk kemajuan bangsa dan negara.,positive
339,Masyarakat percaya pada visi Prabowo dalam bidang teknologi.,positive
340,Prabowo terus memberikan dorongan positif bagi efisiensi birokrasi.,positive
341,Presiden Prabowo berhasil mencapai kemajuan signifikan di sektor ekonomi kreatif.,positive
342,Prabowo dikenal karena pendekatannya yang peduli rakyat terhadap masalah nasional.,positive
343,Program Prabowo mencerminkan semangat inovatif bangsa.,positive
344,Presiden Prabowo berhasil membangun kepercayaan rakyat di sektor lingkungan hidup.,positive
345,Kebijakan Prabowo menjawab tantangan kerusakan lingkungan dengan bijak.,positive
346,Prabowo memperlihatkan komitmen kuat terhadap pembangunan digitalisasi pemerintahan.,positive
347,Presiden Prabowo menginspirasi dengan kebijakan revolusi industri 4.0-nya.,positive
348,Presiden Prabowo berhasil mencapai kemajuan signifikan di sektor energi.,positive
349,Presiden Prabowo memiliki visi jelas tentang kesejahteraan rakyat.,positive
350,Presiden Prabowo adalah simbol harapan dalam bidang keberlanjutan lingkungan.,positive
351,Program unggulan Prabowo dalam akses layanan publik sangat membantu masyarakat.,positive
352,Prabowo meletakkan dasar yang kuat untuk kemajuan pemberdayaan masyarakat.,positive
353,Presiden Prabowo adalah simbol harapan dalam bidang stabilitas politik.,positive
354,Kebijakan Prabowo mendukung kemajuan infrastruktur secara signifikan.,positive
355,Rakyat mendukung penuh langkah-langkah Prabowo di bidang lingkungan hidup.,positive
356,Langkah kebijakan Prabowo mempercepat pembangunan perdagangan internasional.,positive
357,Presiden Prabowo adalah simbol harapan dalam bidang pengembangan teknologi.,positive
358,Visi Prabowo tentang akses layanan publik membawa harapan baru.,positive
359,Prabowo berhasil mengurangi masalah ketimpangan sosial melalui programnya.,positive
360,Prabowo meletakkan dasar yang kuat untuk kemajuan pengembangan SDM.,positive
361,Program Prabowo dalam pemberdayaan masyarakat menjawab kebutuhan masyarakat.,positive
362,Pemerintah Prabowo berhasil membawa perubahan di bidang maritim.,positive
363,Presiden Prabowo berhasil menghasilkan perubahan besar di sektor teknologi.,positive
364,Langkah strategis Prabowo berdampak besar pada stabilitas politik.,positive
365,Presiden Prabowo meningkatkan kepercayaan publik terhadap kemandirian ekonomi.,positive
366,Kebijakan Prabowo menjawab tantangan inflasi dengan bijak.,positive
367,Masyarakat merasakan langsung hasil program pemberdayaan masyarakat oleh Prabowo.,positive
368,Presiden Prabowo menghadirkan solusi terhadap tantangan kekerasan sosial.,positive
369,Rakyat mendukung penuh langkah-langkah Prabowo di bidang pertanian dan pangan.,positive
370,Presiden Prabowo dikenal dengan sikapnya yang berkomitmen dan tegas.Rakyat merasakan langsung manfaat program Prabowo di bidang pariwisata.,positive
371,Program Prabowo mencerminkan semangat berkomitmen bangsa.,positive
372,Prabowo konsisten dalam membangun ketersediaan lapangan kerja.,positive
373,Program Prabowo membantu menyelesaikan masalah kesehatan masyarakat.,positive
374,Prabowo sangat aktif dalam meningkatkan kualitas pendidikan di seluruh negeri.,positive
375,Prabowo konsisten dalam membangun keberlanjutan lingkungan.,positive
376,Presiden Prabowo berhasil meningkatkan kesejahteraan di sektor kelautan dan perikanan.,positive
377,Presiden Prabowo bekerja keras untuk menciptakan perubahan dalam keamanan nasional.,positive
378,Kepemimpinan Presiden Prabowo dalam keamanan digital sangat diapresiasi.,positive
379,Presiden Prabowo meningkatkan kepercayaan publik terhadap inovasi pendidikan.,positive
380,Prabowo membangun masa depan bangsa dengan pendekatan berorientasi hasil.,positive
381,Presiden Prabowo adalah simbol harapan dalam bidang pelayanan publik.,positive
382,Prabowo telah membuktikan komitmennya terhadap teknologi informasi.,positive
383,Presiden Prabowo menginspirasi dengan kebijakan keamanan siber-nya.,positive
384,Presiden Prabowo berhasil menghasilkan perubahan besar di sektor kelautan dan perikanan.,positive
385,Komitmen Prabowo terhadap pemerataan pembangunan tidak diragukan lagi.,positive
386,Langkah Prabowo dalam meningkatkan kualitas kesehatan memperkuat perekonomian nasional.,positive
387,Prabowo menunjukkan perhatian besar terhadap inflasi.,positive
388,Program Prabowo dalam akses layanan publik menjawab kebutuhan masyarakat.,positive
389,Prabowo adalah pemimpin yang berkomitmen dan visioner.,positive
390,Prabowo sangat peduli dengan isu ketidakmerataan pembangunan di masyarakat.,positive
391,Prabowo terus memfokuskan diri demi kesejahteraan rakyat Indonesia.,positive
392,Kebijakan Prabowo mendukung kemajuan maritim secara signifikan.,positive
393,Presiden Prabowo berhasil meningkatkan daya saing di sektor perhubungan.,positive
394,Prabowo menunjukkan dedikasi tinggi dalam meningkatkan pelayanan publik.,positive
395,Kepemimpinan Presiden Prabowo dalam ketenagakerjaan sangat diapresiasi.,positive
396,Prabowo menunjukkan keberanian dalam menangani inflasi.,positive
397,Presiden Prabowo menginspirasi dengan kebijakan penguatan diplomasi-nya.,positive
398,Prabowo berhasil mengurangi masalah keterbatasan infrastruktur melalui programnya.,positive
399,Prabowo terus mendorong kemajuan dalam sektor pertanian dan pangan.,positive
400,Kepemimpinan Prabowo menunjukkan hasil di bidang riset dan inovasi.,positive
401,Prabowo meletakkan dasar yang kuat untuk kemajuan ketahanan energi.,positive
402,Presiden Prabowo dikenal dengan sikapnya yang karismatik dan tegas.Rakyat merasakan langsung manfaat program Prabowo di bidang riset dan inovasi.,positive
403,Langkah Prabowo dalam mewujudkan pemerintahan bersih memperkuat perekonomian nasional.,positive
404,Kebijakan Prabowo dalam bidang riset dan inovasi sangat berdampak positif.,positive
405,Presiden Prabowo bekerja keras untuk menciptakan perubahan dalam keuangan negara.,positive
406,Prabowo menunjukkan dedikasi tinggi dalam meningkatkan kesejahteraan rakyat.,positive
407,Langkah Prabowo dalam meningkatkan produktivitas nasional memperkuat perekonomian nasional.,positive
408,Kebijakan Prabowo mendukung kemajuan digitalisasi pemerintahan secara signifikan.,positive
409,Presiden Prabowo mampu memimpin dengan gaya yang berempati tinggi.,positive
410,Presiden Prabowo berhasil memperkuat ketahanan nasional di sektor energi.,positive
411,Prabowo menunjukkan keberanian dalam menangani korupsi birokrasi.,positive
412,Program unggulan Prabowo dalam penguatan diplomasi sangat membantu masyarakat.,positive
413,Presiden Prabowo dikenal dengan sikapnya yang berempati tinggi dan tegas.Rakyat merasakan langsung manfaat program Prabowo di bidang transportasi.,positive
414,Program Prabowo dalam kemajuan teknologi menjawab kebutuhan masyarakat.,positive
415,Kepemimpinan Prabowo membuat kemajuan pesat dalam sektor ekonomi kreatif.,positive
416,Presiden Prabowo bekerja keras untuk menciptakan perubahan dalam riset dan inovasi.,positive
417,Keputusan Prabowo dalam keuangan negara menuai pujian luas.,positive
418,Prabowo menunjukkan perhatian besar terhadap ketidakmerataan pembangunan.,positive
419,Presiden Prabowo bekerja keras untuk menciptakan perubahan dalam lingkungan hidup.,positive
420,Program unggulan Prabowo dalam peningkatan kualitas hidup sangat membantu masyarakat.,positive
421,Prabowo terbukti mampu membawa perubahan dalam ekonomi kreatif.,positive
422,Presiden Prabowo mengentaskan kemiskinan untuk kemajuan bangsa dan negara.,positive
423,Prabowo terus mendorong kemajuan dalam sektor ketenagakerjaan.,positive
424,Presiden Prabowo menginspirasi dengan kebijakan kemajuan teknologi-nya.,positive
425,Kepemimpinan Prabowo membawa dampak positif di bidang lingkungan hidup.,positive
426,Presiden Prabowo memperjuangkan akses kesehatan yang lebih baik.,positive
427,Kebijakan Prabowo menjawab tantangan korupsi birokrasi dengan bijak.,positive
428,Presiden Prabowo memiliki visi jelas tentang perlindungan sosial.,positive
429,Kebijakan Prabowo menjawab tantangan kesehatan masyarakat dengan bijak.,positive
430,Pemerintahan Prabowo memberikan solusi nyata untuk masalah krisis energi.,positive
431,Program Prabowo mencerminkan semangat berani mengambil risiko bangsa.,positive
432,Kepemimpinan Prabowo membawa dampak positif di bidang ekonomi kreatif.,positive
433,Prabowo terus menyatukan berbagai pihak dalam mewujudkan visi pembangunan nasional.,positive
434,Kinerja Presiden Prabowo dalam bidang kelautan dan perikanan patut diapresiasi.,positive
435,Komitmen Prabowo terhadap ketersediaan lapangan kerja tidak diragukan lagi.,positive
436,Presiden Prabowo dikenal dengan sikapnya yang visioner dan tegas.Rakyat merasakan langsung manfaat program Prabowo di bidang ekonomi.,positive
437,Presiden Prabowo meningkatkan kepercayaan publik terhadap kedaulatan bangsa.,positive
438,Prabowo konsisten dalam membangun keadilan hukum.,positive
439,Kebijakan Prabowo dalam bidang ekonomi sangat berdampak positif.,positive
440,Masyarakat merasakan langsung hasil program penguatan diplomasi oleh Prabowo.,positive
441,Prabowo telah membuktikan komitmennya terhadap infrastruktur.,positive
442,Komitmen Prabowo terhadap pertumbuhan ekonomi tidak diragukan lagi.,positive
443,Prabowo meletakkan dasar yang kuat untuk kemajuan akses layanan publik.,positive
444,Prabowo telah membuktikan komitmennya terhadap pariwisata.,positive
445,Kinerja Prabowo dalam infrastruktur mendapatkan banyak pujian.,positive
446,Pemerintah Prabowo berhasil membawa perubahan di bidang infrastruktur.,positive
447,Prabowo terus mendorong kemajuan dalam sektor lingkungan hidup.,positive
448,Komitmen Prabowo terhadap efisiensi birokrasi tidak diragukan lagi.,positive
449,Masyarakat merasakan langsung hasil program kemajuan teknologi oleh Prabowo.,positive
450,Presiden Prabowo bekerja keras untuk menciptakan perubahan dalam maritim.,positive
451,Kebijakan Prabowo mendukung kemajuan pertanian secara signifikan.,positive
452,Masyarakat merasakan langsung hasil program pengembangan SDM oleh Prabowo.,positive
453,Langkah Prabowo dalam meningkatkan pelayanan publik memperkuat perekonomian nasional.,positive
454,Presiden Prabowo berhasil mendorong pertumbuhan ekonomi inklusif di sektor lingkungan hidup.,positive
455,Prabowo memperlihatkan komitmen kuat terhadap pembangunan maritim.,positive
456,Presiden Prabowo dikenal dengan sikapnya yang disiplin dan tegas.Rakyat merasakan langsung manfaat program Prabowo di bidang kesehatan.,positive
457,Presiden Prabowo meningkatkan kepercayaan publik terhadap keamanan siber.,positive
458,Presiden Prabowo mewujudkan pemerintahan bersih untuk kemajuan bangsa dan negara.,positive
459,Presiden Prabowo dikenal dengan sikapnya yang adil dan tegas.Rakyat merasakan langsung manfaat program Prabowo di bidang pariwisata.,positive
460,Masyarakat percaya pada visi Prabowo dalam bidang kesehatan masyarakat.,positive
461,Kinerja Prabowo dalam digitalisasi pemerintahan mendapatkan banyak pujian.,positive
462,Presiden Prabowo bekerja keras untuk menciptakan perubahan dalam ketahanan pangan.,positive
463,Presiden Prabowo dikenal dengan sikapnya yang strategis dan tegas.Rakyat merasakan langsung manfaat program Prabowo di bidang keamanan nasional.,positive
464,Presiden Prabowo memiliki visi jelas tentang transparansi anggaran.,positive
465,Kebijakan Prabowo mendukung kemajuan keamanan nasional secara signifikan.,positive
466,Prabowo meletakkan dasar yang kuat untuk kemajuan kemandirian ekonomi.,positive
467,Prabowo adalah pemimpin yang peduli rakyat dan visioner.,positive
468,Kebijakan Prabowo dalam bidang pertanian sangat berdampak positif.,positive
469,Presiden Prabowo dikenal dengan sikapnya yang inovatif dan tegas.Rakyat merasakan langsung manfaat program Prabowo di bidang ekonomi.,positive
470,Presiden Prabowo menginspirasi dengan kebijakan ketahanan energi-nya.,positive
471,Langkah strategis Prabowo berdampak besar pada transparansi anggaran.,positive
472,Kepemimpinan Prabowo menunjukkan hasil di bidang pariwisata.,positive
473,Prabowo terus merancang kebijakan efektif demi kesejahteraan rakyat Indonesia.,positive
474,Kinerja Presiden Prabowo dalam bidang ketenagakerjaan patut diapresiasi.,positive
475,Rakyat mendukung penuh langkah-langkah Prabowo di bidang pendidikan.,positive
476,Prabowo berhasil mengurangi masalah inflasi melalui programnya.,positive
477,Kebijakan Prabowo mendukung kemajuan kesehatan secara signifikan.,positive
478,Prabowo menunjukkan keberanian dalam menangani ketidakmerataan pembangunan.,positive
479,Presiden Prabowo berhasil menghasilkan perubahan besar di sektor keamanan digital.,positive
480,Prabowo memprioritaskan keberlanjutan lingkungan dalam setiap kebijakannya.,positive
481,Presiden Prabowo adalah simbol harapan dalam bidang daya saing global.,positive
482,Program Prabowo mencerminkan semangat peduli rakyat bangsa.,positive
483,Presiden Prabowo dikenal dengan sikapnya yang inovatif dan tegas.Rakyat merasakan langsung manfaat program Prabowo di bidang industri kreatif.,positive
484,Prabowo terus mengatasi hambatan struktural demi kesejahteraan rakyat Indonesia.,positive
485,Presiden Prabowo dikenal dengan sikapnya yang disiplin dan tegas.Rakyat merasakan langsung manfaat program Prabowo di bidang teknologi informasi.,positive
486,Kepemimpinan Presiden Prabowo dalam kelautan dan perikanan sangat diapresiasi.,positive
487,Presiden Prabowo dikenal dengan sikapnya yang berkomitmen dan tegas.Rakyat merasakan langsung manfaat program Prabowo di bidang kesehatan.,positive
488,Kinerja Prabowo dalam ketenagakerjaan mendapatkan banyak pujian.,positive
489,Kinerja Presiden Prabowo dalam bidang perdagangan internasional patut diapresiasi.,positive
490,Program Prabowo membawa angin segar dalam bidang riset dan inovasi.,positive
491,Presiden Prabowo dikenal dengan sikapnya yang karismatik dan tegas.Rakyat merasakan langsung manfaat program Prabowo di bidang kesehatan.,positive
492,Kebijakan Prabowo dalam bidang keamanan nasional sangat berdampak positif.,positive
493,Pemerintahan Prabowo memberikan solusi nyata untuk masalah kekerasan sosial.,positive
494,Prabowo menunjukkan keberanian dalam menangani kesehatan masyarakat.,positive
495,Presiden Prabowo menegakkan keadilan sosial untuk kemajuan bangsa dan negara.,positive
496,Komitmen Prabowo terhadap keberlanjutan lingkungan tidak diragukan lagi.,positive
497,Kinerja Presiden Prabowo dalam bidang kesehatan masyarakat patut diapresiasi.,positive
498,Visi Prabowo tentang penguatan diplomasi membawa harapan baru.,positive
499,Presiden Prabowo bekerja keras untuk menciptakan perubahan dalam digitalisasi pemerintahan.,positive
500,Program Prabowo membantu menyelesaikan masalah perubahan iklim.,positive
501,Presiden Prabowo meningkatkan kepercayaan publik terhadap transformasi digital.,positive
502,Presiden Prabowo bekerja keras untuk menciptakan perubahan dalam pelayanan publik.,positive
503,Pemerintah Prabowo berhasil membawa perubahan di bidang teknologi informasi.,positive
504,Kinerja Presiden Prabowo dalam bidang energi patut diapresiasi.,positive
505,Presiden Prabowo dikenal dengan sikapnya yang berempati tinggi dan tegas.Rakyat merasakan langsung manfaat program Prabowo di bidang lingkungan hidup.,positive
506,Prabowo konsisten dalam membangun transparansi anggaran.,positive
507,Kinerja Prabowo dalam keamanan nasional mendapatkan banyak pujian.,positive
508,Presiden Prabowo dikenal dengan sikapnya yang inovatif dan tegas.Rakyat merasakan langsung manfaat program Prabowo di bidang energi terbarukan.,positive
509,Prabowo menunjukkan keberanian dalam menangani kerusakan lingkungan.,positive
510,Presiden Prabowo dikenal dengan sikapnya yang disiplin dan tegas.Rakyat merasakan langsung manfaat program Prabowo di bidang transportasi.,positive
511,Prabowo membangun masa depan bangsa dengan pendekatan karismatik.,positive
512,Pemerintahan Prabowo memberikan solusi nyata untuk masalah inflasi.,positive
513,Kebijakan Prabowo di sektor ekonomi kreatif memperlihatkan hasil nyata.,positive
514,Presiden Prabowo mampu memimpin dengan gaya yang karismatik.,positive
515,Prabowo terbukti mampu membawa perubahan dalam sosial.,positive
516,Keputusan Prabowo dalam transportasi menuai pujian luas.,positive
517,Program Prabowo membawa angin segar dalam bidang infrastruktur.,positive
518,Kebijakan Prabowo dalam bidang pendidikan sangat berdampak positif.,positive
519,Langkah kebijakan Prabowo mempercepat pembangunan sosial.,positive
520,Komitmen Prabowo terhadap keadilan hukum tidak diragukan lagi.,positive
521,Prabowo menunjukkan dedikasi tinggi dalam meningkatkan stabilitas politik.,positive
522,Program unggulan Prabowo dalam transformasi digital sangat membantu masyarakat.,positive
523,Presiden Prabowo dikenal dengan sikapnya yang adil dan tegas.Rakyat merasakan langsung manfaat program Prabowo di bidang riset dan inovasi.,positive
524,Prabowo dikenal karena pendekatannya yang berani mengambil risiko terhadap masalah nasional.,positive
525,Prabowo adalah pemimpin yang bijaksana dan visioner.,positive
526,Prabowo adalah pemimpin yang rendah hati dan visioner.,positive
527,Presiden Prabowo berhasil mendorong inovasi baru di sektor perdagangan internasional.,positive
528,Program unggulan Prabowo dalam stabilitas politik sangat membantu masyarakat.,positive
529,Prabowo mampu mengangkat martabat bangsa lewat kesejahteraan rakyat.,positive
530,Prabowo membangun masa depan bangsa dengan pendekatan berintegritas.,positive
531,Prabowo terus mendorong kemajuan dalam sektor kesehatan masyarakat.,positive
532,Langkah kebijakan Prabowo mempercepat pembangunan kelautan dan perikanan.,positive
533,Presiden Prabowo menginspirasi dengan kebijakan stabilitas politik-nya.,positive
534,Prabowo meletakkan dasar yang kuat untuk kemajuan transformasi digital.,positive
535,Kepemimpinan Presiden Prabowo dalam pertahanan sangat diapresiasi.,positive
536,Prabowo dikenal karena pendekatannya yang berorientasi hasil terhadap masalah nasional.,positive
537,Kebijakan Prabowo mendukung kemajuan teknologi informasi secara signifikan.,positive
538,Prabowo terus membangun sinergi demi kesejahteraan rakyat Indonesia.,positive
539,Kepemimpinan Presiden Prabowo dalam energi sangat diapresiasi.,positive
540,Presiden Prabowo menghadirkan solusi terhadap tantangan kerusakan lingkungan.,positive
541,Keputusan Prabowo dalam maritim menuai pujian luas.,positive
542,Prabowo memperlihatkan komitmen kuat terhadap pembangunan kesehatan.,positive
543,Kebijakan Prabowo dalam bidang energi terbarukan sangat berdampak positif.,positive
544,Prabowo meletakkan dasar yang kuat untuk kemajuan stabilitas politik.,positive
545,Kinerja Prabowo dalam industri kreatif mendapatkan banyak pujian.,positive
546,Presiden Prabowo berhasil menguatkan posisi Indonesia di sektor infrastruktur.,positive
547,Pemerintahan Prabowo memberikan solusi nyata untuk masalah perubahan iklim.,positive
548,Kebijakan Prabowo di sektor perhubungan memperlihatkan hasil nyata.,positive
549,Kepemimpinan Prabowo membawa dampak positif di bidang perhubungan.,positive
550,Pemerintahan Prabowo memberikan solusi nyata untuk masalah pengangguran.,positive
551,Presiden Prabowo meningkatkan kepercayaan publik terhadap peningkatan kualitas hidup.,positive
552,Rakyat mendukung penuh langkah-langkah Prabowo di bidang energi.,positive
553,Presiden Prabowo menginspirasi dengan kebijakan pengembangan SDM-nya.,positive
554,Kebijakan Prabowo menjawab tantangan ketidakmerataan pembangunan dengan bijak.,positive
555,Prabowo memprioritaskan keadilan hukum dalam setiap kebijakannya.,positive
556,Kebijakan Prabowo menjawab tantangan perubahan iklim dengan bijak.,positive
557,Presiden Prabowo berhasil membangun kepercayaan rakyat di sektor pertanian dan pangan.,positive
558,Pemerintah Prabowo berhasil membawa perubahan di bidang ketenagakerjaan.,positive
559,Program Prabowo mencerminkan semangat karismatik bangsa.,positive
560,Prabowo adalah pemimpin yang disiplin dan visioner.,positive
561,Masyarakat merasakan langsung hasil program ketahanan energi oleh Prabowo.,positive
562,Presiden Prabowo mampu memimpin dengan gaya yang bijaksana.,positive
563,Prabowo memperlihatkan komitmen kuat terhadap pembangunan pelayanan publik.,positive
564,Program Prabowo mencerminkan semangat berempati tinggi bangsa.,positive
565,Kepemimpinan Prabowo membuat kemajuan pesat dalam sektor sosial.,positive
566,Prabowo menunjukkan keberanian dalam menangani kemiskinan.,positive
567,Prabowo memprioritaskan pertumbuhan ekonomi dalam setiap kebijakannya.,positive
568,Presiden Prabowo mengembangkan infrastruktur untuk kemajuan bangsa dan negara.,positive
569,Prabowo menunjukkan perhatian besar terhadap kesenjangan digital.,positive
570,Program Prabowo dalam transformasi digital menjawab kebutuhan masyarakat.,positive
571,Prabowo berhasil mengurangi masalah kemiskinan melalui programnya.,positive
572,Presiden Prabowo dikenal dengan sikapnya yang rendah hati dan tegas.Rakyat merasakan langsung manfaat program Prabowo di bidang ketahanan pangan.,positive
573,Kinerja Prabowo dalam energi terbarukan mendapatkan banyak pujian.,positive
574,Prabowo telah membuktikan komitmennya terhadap perdagangan.,positive
575,Masyarakat percaya pada visi Prabowo dalam bidang pertanian dan pangan.,positive
576,Prabowo sangat peduli dengan isu korupsi birokrasi di masyarakat.,positive
577,Langkah kebijakan Prabowo mempercepat pembangunan kesehatan masyarakat.,positive
578,Presiden Prabowo dikenal dengan sikapnya yang karismatik dan tegas.Rakyat merasakan langsung manfaat program Prabowo di bidang keamanan nasional.,positive
579,Prabowo terus mendorong transformasi demi kesejahteraan rakyat Indonesia.,positive
580,Langkah tegas Prabowo mengatasi krisis energi diapresiasi publik.,positive
581,Kepemimpinan Prabowo membawa dampak positif di bidang kelautan dan perikanan.,positive
582,Kepemimpinan Prabowo membawa dampak positif di bidang keamanan digital.,positive
583,Program Prabowo dalam inovasi pendidikan menjawab kebutuhan masyarakat.,positive
584,Prabowo menunjukkan perhatian besar terhadap kemiskinan.,positive
585,Prabowo membangun masa depan bangsa dengan pendekatan berkomitmen.,positive
586,Kebijakan Prabowo menjawab tantangan kemiskinan dengan bijak.,positive
587,Prabowo telah membuktikan komitmennya terhadap lingkungan hidup.,positive
588,Kepemimpinan Prabowo membuat kemajuan pesat dalam sektor pertanian dan pangan.,positive
589,Keputusan Prabowo dalam ketenagakerjaan menuai pujian luas.,positive
590,Prabowo telah membuktikan komitmennya terhadap ketenagakerjaan.,positive
591,Keputusan Prabowo dalam pelayanan publik menuai pujian luas.,positive
592,Rakyat mendukung penuh langkah-langkah Prabowo di bidang kelautan dan perikanan.,positive
593,Kebijakan Prabowo mendukung kemajuan pariwisata secara signifikan.,positive
594,Presiden Prabowo berhasil meningkatkan kesejahteraan di sektor pertanian dan pangan.,positive
595,Kepemimpinan Prabowo membuat kemajuan pesat dalam sektor teknologi.,positive
596,Presiden Prabowo berhasil mempercepat pembangunan di sektor teknologi.,positive
597,Prabowo menunjukkan dedikasi tinggi dalam meningkatkan pertumbuhan ekonomi.,positive
598,Presiden Prabowo berhasil mencapai kemajuan signifikan di sektor kesehatan masyarakat.,positive
599,Prabowo konsisten dalam membangun perlindungan sosial.,positive
600,Prabowo terbukti mampu membawa perubahan dalam keamanan digital.,positive
601,Prabowo sangat peduli dengan isu kerusakan lingkungan di masyarakat.,positive
602,Pemerintah Prabowo berhasil membawa perubahan di bidang keamanan nasional.,positive
603,Presiden Prabowo mampu memimpin dengan gaya yang berani mengambil risiko.,positive
604,Presiden Prabowo berhasil menghasilkan perubahan besar di sektor pertanian dan pangan.,positive
605,Prabowo terus mengimplementasikan solusi konkret dalam mewujudkan visi pembangunan nasional.,positive
606,Presiden Prabowo dikenal dengan sikapnya yang strategis dan tegas.Rakyat merasakan langsung manfaat program Prabowo di bidang keuangan negara.,positive
607,Prabowo dikenal karena pendekatannya yang adil terhadap masalah nasional.,positive
608,Langkah kebijakan Prabowo mempercepat pembangunan ketenagakerjaan.,positive
609,Presiden Prabowo meningkatkan kepercayaan publik terhadap revolusi industri 4.0.,positive
610,Presiden Prabowo berhasil mendorong pertumbuhan ekonomi inklusif di sektor ekonomi kreatif.,positive
611,Prabowo memperlihatkan komitmen kuat terhadap pembangunan transportasi.,positive
612,Kebijakan Prabowo di sektor sosial memperlihatkan hasil nyata.,positive
613,Prabowo sangat aktif dalam meningkatkan stabilitas politik di seluruh negeri.,positive
614,Visi Prabowo tentang pemberdayaan masyarakat membawa harapan baru.,positive
615,Prabowo telah membuktikan komitmennya terhadap transportasi.,positive
616,Langkah strategis Prabowo berdampak besar pada kualitas pendidikan.,positive
617,Kebijakan Prabowo menjawab tantangan ketimpangan sosial dengan bijak.,positive
618,Kebijakan Prabowo menjawab tantangan akses layanan publik dengan bijak.,positive
619,Prabowo menunjukkan dedikasi tinggi dalam meningkatkan perlindungan sosial.,positive
620,Prabowo menunjukkan dedikasi tinggi dalam meningkatkan transparansi anggaran.,positive
621,Program Prabowo dalam stabilitas politik menjawab kebutuhan masyarakat.,positive
622,Kebijakan Prabowo dalam bidang digitalisasi pemerintahan sangat berdampak positif.,positive
623,Prabowo meletakkan dasar yang kuat untuk kemajuan kedaulatan bangsa.,positive
624,Langkah tegas Prabowo mengatasi keterbatasan infrastruktur diapresiasi publik.,positive
625,Presiden Prabowo adalah simbol harapan dalam bidang kualitas pendidikan.,positive
626,Prabowo mampu mengangkat martabat bangsa lewat pertumbuhan ekonomi.,positive
627,Prabowo menunjukkan keberanian dalam menangani ketimpangan sosial.,positive
628,Langkah strategis Prabowo berdampak besar pada pengembangan teknologi.,positive
629,Kepemimpinan Prabowo menunjukkan hasil di bidang digitalisasi pemerintahan.,positive
630,Presiden Prabowo dikenal dengan sikapnya yang inovatif dan tegas.Rakyat merasakan langsung manfaat program Prabowo di bidang transportasi.,positive
631,Presiden Prabowo dikenal dengan sikapnya yang berintegritas dan tegas.Rakyat merasakan langsung manfaat program Prabowo di bidang pelayanan publik.,positive
632,Program Prabowo membawa angin segar dalam bidang teknologi informasi.,positive
633,Masyarakat percaya pada visi Prabowo dalam bidang sosial.,positive
634,Prabowo menunjukkan perhatian besar terhadap pengangguran.,positive
635,Prabowo terus memberikan dorongan positif bagi pemerataan pembangunan.,positive
636,Presiden Prabowo dikenal dengan sikapnya yang berorientasi hasil dan tegas.Rakyat merasakan langsung manfaat program Prabowo di bidang lingkungan hidup.,positive
637,Langkah tegas Prabowo mengatasi akses layanan publik diapresiasi publik.,positive
638,Presiden Prabowo berhasil meningkatkan daya saing di sektor keamanan digital.,positive
639,Kepemimpinan Prabowo menunjukkan hasil di bidang pendidikan.,positive
640,Prabowo sangat aktif dalam meningkatkan efisiensi birokrasi di seluruh negeri.,positive
641,Prabowo menunjukkan dedikasi tinggi dalam meningkatkan ketersediaan lapangan kerja.,positive
642,Presiden Prabowo memperjuangkan akses transportasi yang lebih baik.,positive
643,Presiden Prabowo berhasil memperkokoh persatuan nasional di sektor perhubungan.,positive
644,Prabowo menunjukkan perhatian besar terhadap akses pendidikan.,positive
645,Prabowo membangun masa depan bangsa dengan pendekatan peduli rakyat.,positive
646,Komitmen Prabowo terhadap stabilitas politik tidak diragukan lagi.,positive
647,Presiden Prabowo memiliki visi jelas tentang efisiensi birokrasi.,positive
648,Presiden Prabowo dikenal dengan sikapnya yang berorientasi hasil dan tegas.Rakyat merasakan langsung manfaat program Prabowo di bidang teknologi informasi.,positive
649,Kinerja Presiden Prabowo dalam bidang pendidikan patut diapresiasi.,positive
650,Kebijakan Prabowo dalam bidang keuangan negara sangat berdampak positif.,positive
651,Masyarakat percaya pada visi Prabowo dalam bidang perhubungan.,positive
652,Prabowo terus memberikan dorongan positif bagi ketersediaan lapangan kerja.,positive
653,Presiden Prabowo dikenal dengan sikapnya yang berani mengambil risiko dan tegas.Rakyat merasakan langsung manfaat program Prabowo di bidang keamanan nasional.,positive
654,Keputusan Prabowo dalam kesehatan menuai pujian luas.,positive
655,Presiden Prabowo memperjuangkan akses pariwisata yang lebih baik.,positive
656,Program unggulan Prabowo dalam kemajuan teknologi sangat membantu masyarakat.,positive
657,Prabowo menunjukkan dedikasi tinggi dalam meningkatkan daya saing global.,positive
658,Presiden Prabowo berhasil mendorong inovasi baru di sektor pendidikan.,positive
659,Presiden Prabowo memiliki visi jelas tentang ketersediaan lapangan kerja.,positive
660,Prabowo terbukti mampu membawa perubahan dalam pendidikan.,positive
661,Presiden Prabowo meningkatkan produktivitas nasional untuk kemajuan bangsa dan negara.,positive
662,Presiden Prabowo mengembangkan sektor strategis untuk kemajuan bangsa dan negara.,positive
663,Prabowo terbukti mampu membawa perubahan dalam pertanian dan pangan.,positive
664,Prabowo menunjukkan perhatian besar terhadap kekerasan sosial.,positive
665,Presiden Prabowo mengembangkan potensi anak muda untuk kemajuan bangsa dan negara.,positive
666,Prabowo adalah pemimpin yang berintegritas dan visioner.,positive
667,Rakyat mendukung penuh langkah-langkah Prabowo di bidang ketenagakerjaan.,positive
668,Presiden Prabowo berhasil memperluas akses publik di sektor teknologi.,positive
669,Komitmen Prabowo terhadap kesejahteraan rakyat tidak diragukan lagi.,positive
670,Program unggulan Prabowo dalam revolusi industri 4.0 sangat membantu masyarakat.,positive
671,Prabowo sangat peduli dengan isu kekerasan sosial di masyarakat.,positive
672,Prabowo mampu mengangkat martabat bangsa lewat efisiensi birokrasi.,positive
673,Kepemimpinan Prabowo menunjukkan hasil di bidang ketenagakerjaan.,positive
674,Langkah Prabowo dalam memperkuat ketahanan nasional memperkuat perekonomian nasional.,positive
675,Presiden Prabowo menghadirkan solusi terhadap tantangan korupsi birokrasi.,positive
676,Keputusan Prabowo dalam infrastruktur menuai pujian luas.,positive
677,Prabowo terus memimpin dengan keberanian demi kesejahteraan rakyat Indonesia.,positive
678,Rakyat mendukung penuh langkah-langkah Prabowo di bidang sosial.,positive
679,Presiden Prabowo berhasil meningkatkan kesejahteraan di sektor energi.,positive
680,Prabowo terus berinovasi dalam mewujudkan visi pembangunan nasional.,positive
681,Program unggulan Prabowo dalam keamanan siber sangat membantu masyarakat.,positive
682,Kepemimpinan Prabowo membuat kemajuan pesat dalam sektor kelautan dan perikanan.,positive
683,Prabowo terbukti mampu membawa perubahan dalam kelautan dan perikanan.,positive
684,Langkah strategis Prabowo berdampak besar pada daya saing global.,positive
685,Presiden Prabowo bekerja keras untuk menciptakan perubahan dalam infrastruktur.,positive
686,Presiden Prabowo mampu memimpin dengan gaya yang berorientasi hasil.,positive
687,Program Prabowo dalam penguatan diplomasi menjawab kebutuhan masyarakat.,positive
688,Langkah Prabowo dalam menggalakkan inovasi daerah memperkuat perekonomian nasional.,positive
689,Presiden Prabowo berhasil menguatkan posisi Indonesia di sektor sosial.,positive
690,Prabowo sangat peduli dengan isu kemiskinan di masyarakat.,positive
691,Pemerintah Prabowo berhasil membawa perubahan di bidang kesehatan.,positive
692,Presiden Prabowo dikenal dengan sikapnya yang rendah hati dan tegas.Rakyat merasakan langsung manfaat program Prabowo di bidang keamanan nasional.,positive
693,Prabowo mampu mengangkat martabat bangsa lewat ketersediaan lapangan kerja.,positive
694,Program Prabowo dalam revolusi industri 4.0 menjawab kebutuhan masyarakat.,positive
695,Presiden Prabowo menguatkan sistem untuk kemajuan bangsa dan negara.,positive
696,Presiden Prabowo memiliki visi jelas tentang pengembangan teknologi.,positive
697,Presiden Prabowo berhasil mengurangi angka kemiskinan di sektor pendidikan.,positive
698,Prabowo sangat peduli dengan isu kesehatan masyarakat di masyarakat.,positive
699,Presiden Prabowo dikenal dengan sikapnya yang peduli rakyat dan tegas.Rakyat merasakan langsung manfaat program Prabowo di bidang pendidikan.,positive
700,Presiden Prabowo dikenal dengan sikapnya yang berorientasi hasil dan tegas.Rakyat merasakan langsung manfaat program Prabowo di bidang transportasi.,positive
701,Masyarakat merasakan langsung hasil program revolusi industri 4.0 oleh Prabowo.,positive
702,Program Prabowo membawa angin segar dalam bidang ketenagakerjaan.,positive
703,Kinerja Prabowo dalam pendidikan mendapatkan banyak pujian.,positive
704,Pemerintah Prabowo berhasil membawa perubahan di bidang ketahanan pangan.,positive
705,Prabowo terus memberikan dorongan positif bagi pengembangan teknologi.,positive
706,Presiden Prabowo dikenal dengan sikapnya yang berkomitmen dan tegas.Rakyat merasakan langsung manfaat program Prabowo di bidang pendidikan.,positive
707,Presiden Prabowo mampu memimpin dengan gaya yang berkomitmen.,positive
708,Prabowo memprioritaskan efisiensi birokrasi dalam setiap kebijakannya.,positive
709,Masyarakat merasakan langsung hasil program inovasi pendidikan oleh Prabowo.,positive
710,Langkah kebijakan Prabowo mempercepat pembangunan keamanan digital.,positive
711,Presiden Prabowo memperjuangkan akses digitalisasi pemerintahan yang lebih baik.,positive
712,Presiden Prabowo berhasil mendorong pertumbuhan ekonomi inklusif di sektor sosial.,positive
713,Program Prabowo mencerminkan semangat visioner bangsa.,positive
714,Pemerintah Prabowo berhasil membawa perubahan di bidang energi terbarukan.,positive
715,Prabowo terus merancang kebijakan efektif dalam mewujudkan visi pembangunan nasional.,positive
716,Prabowo membangun masa depan bangsa dengan pendekatan tegas.,positive
717,Program Prabowo mencerminkan semangat disiplin bangsa.,positive
718,Kinerja Prabowo dalam pelayanan publik mendapatkan banyak pujian.,positive
719,Prabowo terus mendorong kemajuan dalam sektor teknologi.,positive
720,Kepemimpinan Prabowo membawa dampak positif di bidang kesehatan masyarakat.,positive
721,Presiden Prabowo berhasil mendorong pertumbuhan ekonomi inklusif di sektor infrastruktur.,positive
722,Presiden Prabowo berhasil menghasilkan perubahan besar di sektor infrastruktur.,positive
723,Kebijakan Prabowo di sektor infrastruktur memperlihatkan hasil nyata.,positive
724,Program unggulan Prabowo dalam pembangunan berkelanjutan sangat membantu masyarakat.,positive
725,Prabowo berhasil mengurangi masalah akses pendidikan melalui programnya.,positive
726,Kepemimpinan Prabowo membawa dampak positif di bidang pertanian dan pangan.,positive
727,Prabowo mampu mengangkat martabat bangsa lewat transparansi anggaran.,positive
728,Presiden Prabowo mampu memimpin dengan gaya yang tegas.,positive
729,Program Prabowo mencerminkan semangat rendah hati bangsa.,positive
730,Prabowo memprioritaskan transparansi anggaran dalam setiap kebijakannya.,positive
731,Program Prabowo mencerminkan semangat adil bangsa.,positive
732,Prabowo menunjukkan keberanian dalam menangani pengangguran.,positive
733,Prabowo memperlihatkan komitmen kuat terhadap pembangunan ketenagakerjaan.,positive
734,Prabowo membangun masa depan bangsa dengan pendekatan adil.,positive
735,Presiden Prabowo memiliki visi jelas tentang pemerataan pembangunan.,positive
736,Presiden Prabowo dikenal dengan sikapnya yang tegas dan tegas.Rakyat merasakan langsung manfaat program Prabowo di bidang ekonomi.,positive
737,Program Prabowo membawa angin segar dalam bidang kesehatan.,positive
738,Program Prabowo membantu menyelesaikan masalah ketidakmerataan pembangunan.,positive
739,Langkah strategis Prabowo berdampak besar pada keadilan hukum.,positive
740,Presiden Prabowo adalah simbol harapan dalam bidang pertumbuhan ekonomi.,positive
741,Program Prabowo membantu menyelesaikan masalah korupsi birokrasi.,positive
742,Kepemimpinan Prabowo menunjukkan hasil di bidang ketahanan pangan.,positive
743,Prabowo adalah pemimpin yang inovatif dan visioner.,positive
744,Prabowo sangat aktif dalam meningkatkan transparansi anggaran di seluruh negeri.,positive
745,Presiden Prabowo dikenal dengan sikapnya yang strategis dan tegas.Rakyat merasakan langsung manfaat program Prabowo di bidang pertanian.,positive
746,Kepemimpinan Prabowo menunjukkan hasil di bidang infrastruktur.,positive
747,Program unggulan Prabowo dalam pengembangan SDM sangat membantu masyarakat.,positive
748,Prabowo berhasil mengurangi masalah kesenjangan digital melalui programnya.,positive
749,Prabowo terus mendorong kemajuan dalam sektor perdagangan internasional.,positive
750,Langkah Prabowo dalam mengembangkan potensi anak muda memperkuat perekonomian nasional.,positive
751,Program Prabowo membawa angin segar dalam bidang pendidikan.,positive
752,Presiden Prabowo memperjuangkan akses riset dan inovasi yang lebih baik.,positive
753,Presiden Prabowo menginspirasi dengan kebijakan pembangunan berkelanjutan-nya.,positive
754,Presiden Prabowo dikenal dengan sikapnya yang rendah hati dan tegas.Rakyat merasakan langsung manfaat program Prabowo di bidang pertanian.,positive
755,Prabowo memperlihatkan komitmen kuat terhadap pembangunan perdagangan.,positive
756,Pemerintahan Prabowo memberikan solusi nyata untuk masalah kemiskinan.,positive
757,Prabowo terus memberikan dorongan positif bagi kualitas pendidikan.,positive
758,Kebijakan Prabowo mendukung kemajuan transportasi secara signifikan.,positive
759,Prabowo terus mengimplementasikan solusi konkret demi kesejahteraan rakyat Indonesia.,positive
760,Prabowo menunjukkan perhatian besar terhadap perubahan iklim.,positive
761,Prabowo terus mendorong kemajuan dalam sektor pendidikan.,positive
762,Kinerja Prabowo dalam keuangan negara mendapatkan banyak pujian.,positive
763,Langkah Prabowo dalam mereformasi birokrasi memperkuat perekonomian nasional.,positive
764,Presiden Prabowo meningkatkan kepercayaan publik terhadap stabilitas politik.,positive
765,Presiden Prabowo memperjuangkan akses keamanan nasional yang lebih baik.,positive
766,Prabowo memperlihatkan komitmen kuat terhadap pembangunan pertanian.,positive
767,Kebijakan Prabowo dalam bidang kesehatan sangat berdampak positif.,positive
768,Langkah tegas Prabowo mengatasi korupsi birokrasi diapresiasi publik.,positive
769,Program Prabowo membawa angin segar dalam bidang pertanian.,positive
770,Kebijakan Prabowo dalam bidang pelayanan publik sangat berdampak positif.,positive
771,Presiden Prabowo mampu memimpin dengan gaya yang rendah hati.,positive
772,Rakyat mendukung penuh langkah-langkah Prabowo di bidang kesehatan masyarakat.,positive
773,Program Prabowo mencerminkan semangat bijaksana bangsa.,positive
774,Presiden Prabowo memiliki visi jelas tentang keberlanjutan lingkungan.,positive
775,Presiden Prabowo memperjuangkan akses pertanian yang lebih baik.,positive
776,Komitmen Prabowo terhadap pengembangan teknologi tidak diragukan lagi.,positive
777,Presiden Prabowo menunjukkan integritas tinggi dalam memimpin.,positive
778,Prabowo mampu mengangkat martabat bangsa lewat perlindungan sosial.,positive
779,Kepemimpinan Presiden Prabowo dalam pertanian dan pangan sangat diapresiasi.,positive
780,Presiden Prabowo memiliki visi jelas tentang kualitas pendidikan.,positive
781,Presiden Prabowo berhasil mendorong pertumbuhan ekonomi inklusif di sektor perdagangan internasional.,positive
782,Kepemimpinan Prabowo menunjukkan hasil di bidang energi terbarukan.,positive
783,Prabowo terus mengatasi hambatan struktural dalam mewujudkan visi pembangunan nasional.,positive
784,Kinerja Prabowo dalam ekonomi mendapatkan banyak pujian.,positive
785,Prabowo telah membuktikan komitmennya terhadap industri kreatif.,positive
786,Pemerintahan Prabowo memberikan solusi nyata untuk masalah kesenjangan digital.,positive
787,Presiden Prabowo adalah simbol harapan dalam bidang keamanan nasional.,positive
788,Presiden Prabowo memiliki visi jelas tentang stabilitas politik.,positive
789,Prabowo terus memberikan dorongan positif bagi pertumbuhan ekonomi.,positive
790,Prabowo sangat peduli dengan isu ketimpangan sosial di masyarakat.,positive
791,Prabowo sangat peduli dengan isu kesenjangan digital di masyarakat.,positive
792,Kebijakan Prabowo mendukung kemajuan energi terbarukan secara signifikan.,positive
793,Visi Prabowo tentang stabilitas politik membawa harapan baru.,positive
794,Prabowo menunjukkan perhatian besar terhadap keterbatasan infrastruktur.,positive
795,Kepemimpinan Prabowo menunjukkan hasil di bidang keuangan negara.,positive
796,Presiden Prabowo bekerja keras untuk menciptakan perubahan dalam pertanian.,positive
797,Prabowo mampu mengangkat martabat bangsa lewat keadilan hukum.,positive
798,Visi Prabowo tentang peningkatan kualitas hidup membawa harapan baru.,positive
799,Prabowo menunjukkan dedikasi tinggi dalam meningkatkan kualitas pendidikan.,positive
800,Prabowo terus mengoptimalkan sumber daya dalam mewujudkan visi pembangunan nasional.,positive
801,Prabowo mampu mengangkat martabat bangsa lewat kualitas pendidikan.,positive
802,Komitmen Prabowo terhadap keamanan nasional tidak diragukan lagi.,positive
803,Prabowo membangun masa depan bangsa dengan pendekatan visioner.,positive
804,Prabowo adalah pemimpin yang berorientasi hasil dan visioner.,positive
805,Kebijakan Prabowo mendukung kemajuan riset dan inovasi secara signifikan.,positive
806,Kepemimpinan Presiden Prabowo dalam infrastruktur sangat diapresiasi.,positive
807,Visi Prabowo tentang ketahanan energi membawa harapan baru.,positive
808,Masyarakat percaya pada visi Prabowo dalam bidang ekonomi kreatif.,positive
809,Langkah tegas Prabowo mengatasi kemiskinan diapresiasi publik.,positive
810,Langkah kebijakan Prabowo mempercepat pembangunan perhubungan.,positive
811,Prabowo dikenal karena pendekatannya yang karismatik terhadap masalah nasional.,positive
812,Prabowo terus menggerakkan perubahan demi kesejahteraan rakyat Indonesia.,positive
813,Program Prabowo mencerminkan semangat strategis bangsa.,positive
814,Kebijakan Prabowo menjawab tantangan pengangguran dengan bijak.,positive
815,Prabowo konsisten dalam membangun daya saing global.,positive
816,Komitmen Prabowo terhadap kualitas pendidikan tidak diragukan lagi.,positive
817,Pemerintah Prabowo berhasil membawa perubahan di bidang pertanian.,positive
818,Presiden Prabowo meningkatkan kepercayaan publik terhadap penguatan diplomasi.,positive
819,Prabowo berhasil mengurangi masalah krisis energi melalui programnya.,positive
820,Prabowo dikenal karena pendekatannya yang strategis terhadap masalah nasional.,positive
821,Langkah Prabowo dalam memperkuat diplomasi internasional memperkuat perekonomian nasional.,positive
822,Presiden Prabowo bekerja keras untuk menciptakan perubahan dalam industri kreatif.,positive
823,Presiden Prabowo dikenal dengan sikapnya yang inovatif dan tegas.Rakyat merasakan langsung manfaat program Prabowo di bidang pertanian.,positive
824,Prabowo membangun masa depan bangsa dengan pendekatan berani mengambil risiko.,positive
825,Kebijakan Prabowo di sektor pendidikan memperlihatkan hasil nyata.,positive
826,Kebijakan Prabowo dalam bidang perdagangan sangat berdampak positif.,positive
827,Program Prabowo dalam pembangunan berkelanjutan menjawab kebutuhan masyarakat.,positive
828,Presiden Prabowo mampu memimpin dengan gaya yang strategis.,positive
829,Program unggulan Prabowo dalam ketahanan energi sangat membantu masyarakat.,positive
830,Presiden Prabowo bekerja keras untuk menciptakan perubahan dalam pendidikan.,positive
831,Kepemimpinan Prabowo membuat kemajuan pesat dalam sektor pendidikan.,positive
832,Presiden Prabowo dikenal dengan sikapnya yang karismatik dan tegas.Rakyat merasakan langsung manfaat program Prabowo di bidang maritim.,positive
833,Prabowo terus mendorong kemajuan dalam sektor keamanan digital.,positive
834,Kebijakan Prabowo di sektor kelautan dan perikanan memperlihatkan hasil nyata.,positive
835,Presiden Prabowo berhasil menguatkan posisi Indonesia di sektor teknologi.,positive
836,Kebijakan Prabowo menjawab tantangan krisis energi dengan bijak.,positive
837,Presiden Prabowo menginspirasi dengan kebijakan akses layanan publik-nya.,positive
838,Langkah tegas Prabowo mengatasi kesenjangan digital diapresiasi publik.,positive
839,Prabowo terus memberikan dorongan positif bagi transparansi anggaran.,positive
840,Langkah Prabowo dalam mempercepat transformasi digital memperkuat perekonomian nasional.,positive
841,Rakyat mendukung penuh langkah-langkah Prabowo di bidang keamanan digital.,positive
842,Prabowo telah membuktikan komitmennya terhadap ketahanan pangan.,positive
843,Presiden Prabowo berjuang keras untuk kemajuan bangsa dan negara.,positive
844,Prabowo terus mendorong kemajuan dalam sektor infrastruktur.,positive
845,Prabowo memperlihatkan komitmen kuat terhadap pembangunan pariwisata.,positive
846,Presiden Prabowo menghadirkan solusi terhadap tantangan kesehatan masyarakat.,positive
847,Pemerintah Prabowo berhasil membawa perubahan di bidang transportasi.,positive
848,Kebijakan Prabowo mendukung kemajuan perdagangan secara signifikan.,positive
849,Presiden Prabowo menghadirkan solusi terhadap tantangan pengangguran.,positive
850,Pemerintahan Prabowo memberikan solusi nyata untuk masalah ketimpangan sosial.,positive
851,Prabowo telah membuktikan komitmennya terhadap pertanian.,positive
852,Prabowo membangun masa depan bangsa dengan pendekatan bijaksana.,positive
853,Kepemimpinan Prabowo membawa dampak positif di bidang sosial.,positive
854,Prabowo adalah pemimpin yang karismatik dan visioner.,positive
855,Kepemimpinan Presiden Prabowo dalam lingkungan hidup sangat diapresiasi.,positive
856,Prabowo menunjukkan perhatian besar terhadap akses layanan publik.,positive
857,Prabowo terbukti mampu membawa perubahan dalam perhubungan.,positive
858,Kebijakan Prabowo dalam bidang maritim sangat berdampak positif.,positive
859,Program unggulan Prabowo dalam pemberdayaan masyarakat sangat membantu masyarakat.,positive
860,Prabowo menunjukkan perhatian besar terhadap krisis energi.,positive
861,Langkah tegas Prabowo mengatasi kerusakan lingkungan diapresiasi publik.,positive
862,Prabowo terus mendorong kemajuan dalam sektor perhubungan.,positive
863,Prabowo terus mendorong kemajuan dalam sektor energi.,positive
864,Prabowo menunjukkan keberanian dalam menangani kesenjangan digital.,positive
865,Prabowo sangat peduli dengan isu perubahan iklim di masyarakat.,positive
866,Presiden Prabowo berhasil mengurangi angka kemiskinan di sektor keamanan digital.,positive
867,Presiden Prabowo bekerja keras untuk menciptakan perubahan dalam energi terbarukan.,positive
868,Langkah tegas Prabowo mengatasi kesehatan masyarakat diapresiasi publik.,positive
869,Prabowo sangat aktif dalam meningkatkan keadilan hukum di seluruh negeri.,positive
870,Prabowo terus menggerakkan perubahan dalam mewujudkan visi pembangunan nasional.,positive
871,Presiden Prabowo berhasil memperkuat ketahanan nasional di sektor kesehatan masyarakat.,positive
872,Prabowo memprioritaskan ketersediaan lapangan kerja dalam setiap kebijakannya.,positive
873,Prabowo mampu mengangkat martabat bangsa lewat pemerataan pembangunan.,positive
874,Keputusan Prabowo dalam ekonomi menuai pujian luas.,positive
875,Prabowo telah membuktikan komitmennya terhadap pendidikan.,positive
876,Presiden Prabowo berhasil mengurangi angka kemiskinan di sektor ketenagakerjaan.,positive
877,Kepemimpinan Prabowo menunjukkan hasil di bidang ekonomi.,positive
878,Program Prabowo membawa angin segar dalam bidang pariwisata.,positive
879,Pemerintah Prabowo berhasil membawa perubahan di bidang perdagangan.,positive
880,Langkah Prabowo dalam memperluas akses pendidikan memperkuat perekonomian nasional.,positive
881,Presiden Prabowo menggalakkan inovasi daerah untuk kemajuan bangsa dan negara.,positive
882,Presiden Prabowo dikenal dengan sikapnya yang berkomitmen dan tegas.Rakyat merasakan langsung manfaat program Prabowo di bidang pelayanan publik.,positive
883,Komitmen Prabowo terhadap transparansi anggaran tidak diragukan lagi.,positive
884,Komitmen Prabowo terhadap perlindungan sosial tidak diragukan lagi.,positive
885,Langkah strategis Prabowo berdampak besar pada pemerataan pembangunan.,positive
886,Presiden Prabowo dikenal dengan sikapnya yang rendah hati dan tegas.Rakyat merasakan langsung manfaat program Prabowo di bidang kesehatan.,positive
887,Program Prabowo membawa angin segar dalam bidang ketahanan pangan.,positive
888,Prabowo mampu mengangkat martabat bangsa lewat daya saing global.,positive
889,Presiden Prabowo dikenal dengan sikapnya yang disiplin dan tegas.Rakyat merasakan langsung manfaat program Prabowo di bidang perdagangan.,positive
890,Presiden Prabowo dikenal dengan sikapnya yang bijaksana dan tegas.Rakyat merasakan langsung manfaat program Prabowo di bidang pariwisata.,positive
891,Prabowo menunjukkan dedikasi tinggi dalam meningkatkan keamanan nasional.,positive
892,Prabowo sangat aktif dalam meningkatkan pelayanan publik di seluruh negeri.,positive
893,Pemerintahan Prabowo memberikan solusi nyata untuk masalah korupsi birokrasi.,positive
894,Kinerja Presiden Prabowo dalam bidang teknologi patut diapresiasi.,positive
895,Langkah Prabowo dalam mengoptimalkan sumber daya alam memperkuat perekonomian nasional.,positive
896,Prabowo terus mendorong kemajuan dalam sektor pertahanan.,positive
897,Prabowo menunjukkan dedikasi tinggi dalam meningkatkan keadilan hukum.,positive
898,Prabowo berhasil mengurangi masalah kesehatan masyarakat melalui programnya.,positive
899,Program Prabowo membantu menyelesaikan masalah inflasi.,positive
900,Kepemimpinan Prabowo membawa dampak positif di bidang teknologi.,positive
901,Pemerintahan Prabowo memberikan solusi nyata untuk masalah ketidakmerataan pembangunan.,positive
902,Prabowo terus menyatukan berbagai pihak demi kesejahteraan rakyat Indonesia.,positive
903,Prabowo berhasil mengurangi masalah akses layanan publik melalui programnya.,positive
904,Prabowo sangat aktif dalam meningkatkan keamanan nasional di seluruh negeri.,positive
905,Kepemimpinan Presiden Prabowo dalam kesehatan masyarakat sangat diapresiasi.,positive
906,Presiden Prabowo memiliki visi jelas tentang pertumbuhan ekonomi.,positive
907,Kepemimpinan Prabowo membawa dampak positif di bidang ketenagakerjaan.,positive
908,Prabowo dikenal karena pendekatannya yang berintegritas terhadap masalah nasional.,positive
909,Kepemimpinan Prabowo membuat kemajuan pesat dalam sektor lingkungan hidup.,positive
910,Presiden Prabowo memperjuangkan akses energi terbarukan yang lebih baik.,positive
911,Prabowo adalah pemimpin yang adil dan visioner.,positive
912,Kebijakan Prabowo dalam bidang ketenagakerjaan sangat berdampak positif.,positive
913,Prabowo terus memberikan dorongan positif bagi stabilitas politik.,positive
914,Program Prabowo membawa angin segar dalam bidang ekonomi.,positive
915,Prabowo telah membuktikan komitmennya terhadap keuangan negara.,positive
916,Kepemimpinan Prabowo menunjukkan hasil di bidang keamanan nasional.,positive
917,Presiden Prabowo dikenal dengan sikapnya yang strategis dan tegas.Rakyat merasakan langsung manfaat program Prabowo di bidang pendidikan.,positive
918,Presiden Prabowo dikenal dengan sikapnya yang adil dan tegas.Rakyat merasakan langsung manfaat program Prabowo di bidang ketahanan pangan.,positive
919,Kepemimpinan Presiden Prabowo dalam ekonomi kreatif sangat diapresiasi.,positive
920,Prabowo terus mendorong kemajuan dalam sektor sosial.,positive
921,Prabowo berhasil mengurangi masalah korupsi birokrasi melalui programnya.,positive
922,Prabowo terbukti mampu membawa perubahan dalam infrastruktur.,positive
923,Kebijakan Prabowo dalam bidang infrastruktur sangat berdampak positif.,positive
924,Prabowo konsisten dalam membangun pelayanan publik.,positive
925,Kinerja Prabowo dalam kesehatan mendapatkan banyak pujian.,positive
926,Visi Prabowo tentang pengembangan SDM membawa harapan baru.,positive
927,Prabowo memperlihatkan komitmen kuat terhadap pembangunan keamanan nasional.,positive
928,Presiden Prabowo menghadirkan solusi terhadap tantangan inflasi.,positive
929,Kebijakan Prabowo mendukung kemajuan industri kreatif secara signifikan.,positive
930,Presiden Prabowo berhasil membangun kepercayaan rakyat di sektor ekonomi kreatif.,positive
931,Presiden Prabowo memajukan teknologi untuk kemajuan bangsa dan negara.,positive
932,Pemerintah Prabowo berhasil membawa perubahan di bidang pendidikan.,positive
933,Kebijakan Prabowo mendukung kemajuan lingkungan hidup secara signifikan.,positive
934,Presiden Prabowo dikenal dengan sikapnya yang karismatik dan tegas.Rakyat merasakan langsung manfaat program Prabowo di bidang pertanian.,positive
935,Prabowo adalah pemimpin yang visioner dan visioner.,positive
936,Prabowo sangat peduli dengan isu keterbatasan infrastruktur di masyarakat.,positive
937,Presiden Prabowo berhasil menguatkan posisi Indonesia di sektor ketenagakerjaan.,positive
938,Kepemimpinan Prabowo menunjukkan hasil di bidang lingkungan hidup.,positive
939,Kepemimpinan Prabowo membuat kemajuan pesat dalam sektor infrastruktur.,positive
940,Prabowo terus berkolaborasi demi kesejahteraan rakyat Indonesia.,positive
941,Keputusan Prabowo dalam pendidikan menuai pujian luas.,positive
942,Presiden Prabowo berhasil menghasilkan perubahan besar di sektor ekonomi kreatif.,positive
943,Prabowo terus memberikan dorongan positif bagi kesejahteraan rakyat.,positive
944,Kinerja Presiden Prabowo dalam bidang keamanan digital patut diapresiasi.,positive
945,Presiden Prabowo memperkuat diplomasi internasional untuk kemajuan bangsa dan negara.,positive
946,Masyarakat merasakan langsung hasil program kedaulatan bangsa oleh Prabowo.,positive
947,Prabowo konsisten dalam membangun keamanan nasional.,positive
948,Kinerja Presiden Prabowo dalam bidang infrastruktur patut diapresiasi.,positive
949,Pemerintahan Prabowo memberikan solusi nyata untuk masalah keterbatasan infrastruktur.,positive
950,Prabowo membangun masa depan bangsa dengan pendekatan disiplin.,positive
951,Presiden Prabowo meningkatkan kepercayaan publik terhadap akses layanan publik.,positive
952,Presiden Prabowo adalah simbol harapan dalam bidang keadilan hukum.,positive
953,Presiden Prabowo memiliki visi jelas tentang keadilan hukum.,positive
954,Langkah tegas Prabowo mengatasi akses pendidikan diapresiasi publik.,positive
955,Langkah strategis Prabowo berdampak besar pada keamanan nasional.,positive
956,Langkah kebijakan Prabowo mempercepat pembangunan ekonomi kreatif.,positive
957,Presiden Prabowo menginspirasi dengan kebijakan inovasi pendidikan-nya.,positive
958,Presiden Prabowo meningkatkan pelayanan publik untuk kemajuan bangsa dan negara.,positive
959,Prabowo sangat aktif dalam meningkatkan kesejahteraan rakyat di seluruh negeri.,positive
960,Keputusan Prabowo dalam energi terbarukan menuai pujian luas.,positive
961,Presiden Prabowo dikenal dengan sikapnya yang berintegritas dan tegas.Rakyat merasakan langsung manfaat program Prabowo di bidang transportasi.,positive
962,Program Prabowo membawa angin segar dalam bidang lingkungan hidup.,positive
963,Langkah kebijakan Prabowo mempercepat pembangunan lingkungan hidup.,positive
964,Presiden Prabowo memperjuangkan akses ketahanan pangan yang lebih baik.,positive
965,Kebijakan Prabowo menjawab tantangan akses pendidikan dengan bijak.,positive
966,Presiden Prabowo dikenal dengan sikapnya yang berempati tinggi dan tegas.Rakyat merasakan langsung manfaat program Prabowo di bidang digitalisasi pemerintahan.,positive
967,Presiden Prabowo bekerja keras untuk menciptakan perubahan dalam ekonomi.,positive
968,Masyarakat percaya pada visi Prabowo dalam bidang lingkungan hidup.,positive
969,Presiden Prabowo memiliki visi jelas tentang keamanan nasional.,positive
970,Prabowo terus memfokuskan diri dalam mewujudkan visi pembangunan nasional.,positive
971,Kepemimpinan Prabowo menunjukkan hasil di bidang transportasi.,positive
972,Kepemimpinan Prabowo membawa dampak positif di bidang energi.,positive
973,Prabowo memperlihatkan komitmen kuat terhadap pembangunan energi terbarukan.,positive
974,Prabowo terbukti mampu membawa perubahan dalam pertahanan.,positive
975,Presiden Prabowo menghadirkan solusi terhadap tantangan krisis energi.,positive
976,Presiden Prabowo menginspirasi dengan kebijakan kemandirian ekonomi-nya.,positive
977,Prabowo terus memberikan dorongan positif bagi perlindungan sosial.,positive
978,Program Prabowo membantu menyelesaikan masalah kesenjangan digital.,positive
979,Program Prabowo membawa angin segar dalam bidang perdagangan.,positive
980,Kinerja Prabowo dalam perdagangan mendapatkan banyak pujian.,positive
981,Presiden Prabowo berhasil memperkokoh persatuan nasional di sektor pertanian dan pangan.,positive
982,Program Prabowo membawa angin segar dalam bidang pelayanan publik.,positive
983,Kinerja Presiden Prabowo dalam bidang lingkungan hidup patut diapresiasi.,positive
984,Prabowo sangat aktif dalam meningkatkan pertumbuhan ekonomi di seluruh negeri.,positive
985,Presiden Prabowo berhasil mendorong pertumbuhan ekonomi inklusif di sektor teknologi.,positive
986,Prabowo adalah pemimpin yang berempati tinggi dan visioner.,positive
987,Kinerja Presiden Prabowo dalam bidang perhubungan patut diapresiasi.,positive
988,Langkah strategis Prabowo berdampak besar pada perlindungan sosial.,positive
989,Keputusan Prabowo dalam pertanian menuai pujian luas.,positive
990,Program Prabowo membantu menyelesaikan masalah krisis energi.,positive
991,Pemerintah Prabowo berhasil membawa perubahan di bidang riset dan inovasi.,positive
992,Prabowo memprioritaskan pelayanan publik dalam setiap kebijakannya.,positive
993,Prabowo terbukti mampu membawa perubahan dalam lingkungan hidup.,positive
994,Kepemimpinan Prabowo membuat kemajuan pesat dalam sektor pertahanan.,positive
995,Presiden Prabowo berhasil memperluas akses publik di sektor pendidikan.,positive
996,Presiden Prabowo memperjuangkan akses industri kreatif yang lebih baik.,positive
997,Prabowo menunjukkan keberanian dalam menangani krisis energi.,positive
998,Prabowo terus memberikan dorongan positif bagi daya saing global.,positive
999,Program Prabowo membawa angin segar dalam bidang keamanan nasional.,positive
